name,package_name,description,icon_url,genre,rating,installs,url
Agent Hunt - Hitman Shooter,com.gnarlygamestudio.agenthunt,"Introducing Agent Hunt - Hitman Shooter ‚Äì an intense action FPS in shooting games.

In Agent Hunt, you step into the shoes of a skilled and deadly spy, trained to take down high-profile targets with precision and finesse. Your experience in the world of FPS shooting games and your expertise as a shooter are put to the ultimate test as you take on the role of Mr Bullet, a legendary hitman sniper known for his unrivaled marksmanship.

Immerse yourself in a gripping storyline where you must navigate through challenging scenarios and utilize your shooting and sniper skills to complete each free fire mission undetected. As a seasoned contract killer, you must eliminate your targets with surgical precision. Use your arsenal of high-tech weaponry and prove yourself as the ultimate agent action hero in shooting games.

üéÆ Realistic Graphics: Immerse yourself as secret agent action in stunning visuals that bring the covert gun game world to life.
üî´ Stealth Master Gameplay: Become a hitman, hunt a killer and master the art of infiltration and execute silent free fire takedowns with precision in this first person shooter game.
üåü Challenging Spy Hunter Missions: Take on high-stakes assignments, be a clever contract killer with strategic planning and careful execution. Don't let the stealth master escape!
üó∫Ô∏è Multiple Maps: Explore diverse environments, from sprawling cities to enemy hideouts, each with its own gun game challenges.
üí• Extensive Arsenal: Equip yourself as a pro sniper shooter with a variety of cutting-edge weapons and gadgets for covert operations in one of the coolest first person shooter gun games.
üåç Dynamic Environments: Adapt to ever-changing situations, utilize the surroundings, and remain undetected like a true secret agent.
üí™ Elite Agent Action: Prove your first person shooter skills as a highly trained operative hitman spy hunter through flawless execution and clever tactics.

Collaboration is key in Agent Hunt, as you can team up with another skilled agent in the multiplayer mode Two Spies. Together, you can make the hunt for targets even more exhilarating in this gun game.

Prepare for an exhilarating first person shooting games action experience in Agent Hunt: Stealth Action! Download now and immerse yourself in realistic graphics, challenging fps games missions, multiple maps, and intense sniper shooter gameplay. Will you emerge as the ultimate agent action? It's time to embark on your hitman sniper mission.

Do you have what it takes to become the ultimate hitman in this top-notch spy adventure? Prove your worth and take on the role of the secret agent the world needs in Agent Hunt - the epitome of first-person shooter games! Download now and step into a world of free-fire hitman sniper action shooting games!",https://play-lh.googleusercontent.com/q-WxUky71fzMWJ_mTfA7aPJwcc2UqmMUe0nX5AmlrtGAGGjt4GehcAZRQ0Jfu2OsTrQ,Action,4.4414644,"10,000,000+",https://play.google.com/store/apps/details?id=com.gnarlygamestudio.agenthunt&hl=en&gl=us
Sniper 3DÔºöGun Shooting Games,com.fungames.sniper3d,"Get ready to unleash the ultimate sniper 3d experience with the most thrilling and action-packed shooting game of all time! Sniper 3d is the definitive free-to-play gun game that puts you in the shoes of a deadly assassin. Immerse yourself in high-intensity offline missions and show off your shooting skills in this adrenaline-pumping sniper adventure. Are you the ultimate shooter? Prove it in Sniper 3d!

Main Features

‚Ä¢ üéØ Sniper 3d Action: Experience the thrill of being a professional sniper in this stunning 3d gun game. Enjoy intuitive controls and realistic ballistics that'll make you feel like a real shooter.
‚Ä¢ üî´ Variety of Guns: Unlock a vast arsenal of sniper rifles, assault rifles, and other powerful guns. There are 180+ authentic weapons in the game. Upgrade your weapons and become the ultimate sniper 3d assassin!
‚Ä¢ üéÆ Offline Gameplay: No internet connection? No problem! Enjoy Sniper 3d's offline mode and complete various challenging missions without the need for Wi-Fi or data.
‚Ä¢ ‚öîÔ∏èPVE and PVP mode: complete missions or play against other assassins in real time - whatever you like.
‚Ä¢ üåç Diverse Locations: Travel to different parts of the world, taking on unique missions in various environments. Eliminate high-profile targets and show them who's the master shooter in town.
‚Ä¢ üí• Free to Play: Join the action-packed world of Sniper 3d for free! This incredible shooting game offers hours of entertainment without costing a dime.

Sniper 3d is the ultimate free shooting game that puts your assassin skills to the test. With a vast array of guns, offline gameplay, and diverse locations, you'll be engrossed in this exhilarating sniper adventure. As a shooter, it's your duty to eliminate high-profile targets and prove your worth as the top assassin.

So what are you waiting for? Download Sniper 3d now and step into the shoes of an elite shooter. Experience the thrill of being a skilled sniper in this incredible 3d gun game, and take on challenging offline missions to become the ultimate assassin. Don't miss out on the opportunity to play this free shooting game ‚Äì Sniper 3d is waiting for you!",https://play-lh.googleusercontent.com/8gHksx7nW7IK09ThtTM_f1Pgjblh5to4-q9pdsJQMb2zxDZ7VnFObxaihhAr-_HBf6E,Action,4.51645,"500,000,000+",https://play.google.com/store/apps/details?id=com.fungames.sniper3d&hl=en&gl=us
Free Fire,com.dts.freefireth,"[Mechadrake Incoming]
The fierce Mechadrake has invaded our home, taking over Battle Royale and Clash Squad modes. Draw your weapons to tame the beast!

[New PVE Gameplay]
Rift Raiders is a new arena where you can taste the victory from eliminating zombies AND overcoming the enemy team. Race to challenge and defeat the ultimate boss!

[New Character]
Kairos, a former soldier of the Special Forces, automatically recovers EP and consumes EP to destroy his enemy's shield.

Free Fire is a world-famous survival shooter game available on mobile. Each 10-minute game places you on a remote island where you are pit against 49 other players, all seeking survival. Players freely choose their starting point with their parachute, and aim to stay in the safe zone for as long as possible. Drive vehicles to explore the vast map, hide in the wild, or become invisible by proning under grass or rifts. Ambush, snipe, survive, there is only one goal: to survive and answer the call of duty.

Free Fire, Battle In Style!

[Survival shooter in its original form]
Search for weapons, stay in the play zone, loot your enemies and become the last man standing. Along the way, go for legendary airdrops while avoiding airstrikes to gain that little edge against other players.

[10 minutes, 50 players, epic survival goodness awaits]
Fast and Lite gameplay - Within 10 minutes, a new survivor will emerge. Will you go beyond the call of duty and be the one under the shining lite?

[4-man squad, with in-game voice chat]
Create squads of up to 4 players and establish communication with your squad at the very first moment. Answer the call of duty and lead your friends to victory and be the last team standing at the apex.

[Clash Squad]
A fast paced 4v4 game mode! Manage your economy, purchase weapons, and defeat the enemy squad!

[Realistic and smooth graphics]
Easy to use controls and smooth graphics promises the optimum survival experience you will find on mobile to help you immortalize your name among the legends. 

[Contact us]
Customer Service: https://ffsupport.garena.com/hc/en-us",https://play-lh.googleusercontent.com/pGTbyodNnwtdEOVVXgMiyZ0FQwY1AVvcm7h_FNZc5eLUggAeQ-GR4JN811nQdN4LnQ,Action,4.1423244,"1,000,000,000+",https://play.google.com/store/apps/details?id=com.dts.freefireth&hl=en&gl=us
Free Fire MAX,com.dts.freefiremax,"[Mechadrake Incoming]
The fierce Mechadrake has invaded our home, taking over Battle Royale and Clash Squad modes. Draw your weapons to tame the beast!

[New PVE Gameplay]
Rift Raiders is a new arena where you can taste the victory from eliminating zombies AND overcoming the enemy team. Race to challenge and defeat the ultimate boss!

[New Character]
Kairos, a former soldier of the Special Forces, automatically recovers EP and consumes EP to destroy his enemy's shield.

Free Fire MAX is designed exclusively to deliver premium gameplay experience in a Battle Royale. Enjoy a variety of exciting game modes with all Free Fire players via exclusive Firelink technology. Experience combat like never before with Ultra HD resolutions and breathtaking effects. Ambush, snipe, and survive; There is only one goal: to survive and be the last one standing.

Free Fire, Battle In Style!

[Fast-paced, deeply immersive gameplay]
50 players parachute onto a deserted island but only one will leave. Over ten minutes, players will compete for weapons and supplies and take down any survivors that stand in their way. Hide, scavenge, fight and survive - with reworked and upgraded graphics, players will be richly immersed in the Battle Royale world from start to finish. 

[Same game, better experience]
With HD graphics, enhanced special effects and smoother gameplay, Free Fire MAX provides a realistic and immersive survival experience for all Battle Royale fans.

[4-man squad, with in-game voice chat]
Create squads of up to 4 players and establish communication with your squad right from the start. Lead your friends to victory and be the last team standing victorious at the apex!

[Firelink technology]
With Firelink, you can login your existing Free Fire account to play Free Fire MAX without any hassle. Your progress and items are maintained across both applications in real-time. You can play all game modes with both Free Fire and Free Fire MAX  players together, no matter which application they use.

Privacy Policy: https://sso.garena.com/html/pp_en.html
Terms of Service:  https://sso.garena.com/html/tos_en.html

[Contact us]
Customer Service: https://ffsupport.garena.com/hc/en-us",https://play-lh.googleusercontent.com/T8RuSQDFojpFjPvGASy8FUP77fAfRAPbrHcbYg97i2sJ8KTDx_KLfDaTImMbU93-Z4Y,Action,4.176852,"100,000,000+",https://play.google.com/store/apps/details?id=com.dts.freefiremax&hl=en&gl=us
Modern Combat 5: mobile FPS,com.gameloft.android.ANMP.GloftM5HM,"Step onto the battlefield and answer the call in the classic title that raised the bar for first person shooter games with its great graphics, high-powered guns, and intense online multiplayer action. 
Modern Combat is the original mobile FPS where you can choose from more than 10 classes. Jump online for a bit of instant warfare.
 
Fulfill your duty in the thrilling campaign as you shoot your way through one dire situation after another to save the world. 
 
<h2>EVERY GAME MODE POSSIBLE</h2> 
Regular new events. Team Deathmatch, Capture the flag, Push the Payload, Free for all Battle Royale, Thrilling single player campaign. Ranked PvP pub stomps (only if you're pro enough).

<h2><b>INTENSE SHOOTING ACTION</b></h2> 
Top the individual and team leaderboards - show everyone you're the top shooting expert.
Pull off the craziest critical shots on the battlefield. Spectate the pros in action as they pub stomp the opposing army in online FPS warfare. 
Master of the battlefield by planning your online multiplayer assault in the Global and Squad chat (voice also). 
Win free rewards and cool prizes in weekly events. 
 
<h2>MOBILE SHOOTER CAMPAIGN</h2> 
They thought you were expendable, but they made a critical mistake. You're the one-man army that brings the war to them.
Engage in fast-paced story missions where the call will take you from Tokyo to Venice for a variety of first person shooter challenges. 
Great graphics, music and voice performances perfectly adapted for a first person shooter game. 
 
Customize and level up more than 10 unique classes for top notch shooting. 
Choose your modern combat style: Assault, Heavy, Recon, Sniper, Support, Bounty Hunter mode, Sapper mode, Kommander type, Marauder mode, Morph, or Tracker level. 
 
<h2>WAGE WAR LIKE A MODERN COMBAT MASTER</h2> 
Level up by playing pub matches or by completing campaign missions. Make critical decisions, complete your ops, and accomplish you duty. 
Unlock higher-tier guns and expendable items as you master lower-tier guns. 
Remember: The battlefield is a place for warfare, not mercy. 
 
<h2>REAL WAR, WITH MODERN COMBAT STYLE</h2> 
Train hard, fight hard. When you hear death's call, answer with all the fury of war.
Get into the action now and dominate the pubs, or just enjoy a fun match with friends.
 
Modern Combat 5 requires an Internet connection. 

See you on Discord! https://discord.com/invite/moderncombat
_____________________________________________

Visit our official site at http://gmlft.co/website_EN
Check out the new blog at http://gmlft.co/central

Don't forget to follow us on social media:
Facebook: http://gmlft.co/SNS_FB_EN
Twitter: http://gmlft.co/SNS_TW_EN
Instagram: http://gmlft.co/GL_SNS_IG
YouTube: http://gmlft.co/GL_SNS_YT

This app allows you to purchase virtual items within the app and may contain third party advertisements that may redirect you to a third party site.

Terms of Use: http://www.gameloft.com/en/conditions
Privacy Policy: http://www.gameloft.com/en/privacy-notice
End-User License Agreement: http://www.gameloft.com/en/eula",https://play-lh.googleusercontent.com/N5OhX0Em8Uuu5B4JaXKZmwzy-0UUfGiF3OjDxdGic1m49DJyNujFgPFZSa0AJf4hiIKP,Action,4.569293,"100,000,000+",https://play.google.com/store/apps/details?id=com.gameloft.android.ANMP.GloftM5HM&hl=en&gl=us
Cover Fire: Offline Shooting,com.generagames.resistance,"Download Official Cover Fire, is one of the best shooting games you‚Äôll ever play on a mobile, now for free and offline.

Best action shooter game, easy controls, realistic 3D graphics and fun offline missions. Get your best shooting gun and take to action!

Play offline in a challenging single-player campaign, survive in competitive sniper shooting battle online and don't stop shooting in cool war events, such as Zombies Survival or Black Ops.


Game Features

‚Ä¢ Shooting Online and Offline on mobile
12 New Chapters in a thrilling story mode. Battle in army missions, sniper 3d ops, drive vehicles or fun shooting from helicopters with a heavy gun.

‚Ä¢ New Shooting Game and best Sniper 3d shooting game
Unlock unique army weapons and shoot cool guns. Customize and upgrade your best guns skills to increase arsenal damage in the war zone. Killing with iconic gun, powerful sniper weapons and modern shotguns. Remember your duty: grenades are your best companion in the war!

‚Ä¢ Easy controls. Low mobile requirements
Controls are customisable, so it's no matter if you are a veteran assassin shooter or an army rookie in this free shooting game.

‚Ä¢ Online Sniper Tournaments
Compete and fight against other players or friends around the world with your best times ranked in online leaderboards. Call to action and win the war! Your duty is to be best shooter

‚Ä¢ New Offline Virus Zombies Event
Play free zombie event! Survive with a gun against zombies and save the survivors. Aim, Shoot and kill hordes of Zombies!!

Updated Shooter Duty: infiltrate in a terrorist base and kill all enemies. Shoot to kill and survive in the best sniper 3d shooting game!


The best shooting games experience in the battlefield. Call your best shooter and combat on the war.

Call your friends and Download now for free the best offline shooting games on mobile ! It's fun and free game!",https://play-lh.googleusercontent.com/905_YD-6X7okKruLTE5AeAvl9xf4oi-O0rGqr6lwy9zT4EgeZmI_Rfr4b9bSuzKtv_6q,Action,4.623548,"100,000,000+",https://play.google.com/store/apps/details?id=com.generagames.resistance&hl=en&gl=us
Galaxy Attack: Shooting Game,com.alien.shooter.galaxy.attack,"Earth's last hope is in your hands, take control of the lone spaceship and protect Earth from alien swarms attack. Your goal will be quite challenging as you will have to save the Universe from its evil enemies. In this space shooting game, you will be facing an increasingly large number of infinity galaxy enemies. As the game progresses, you will earn the right to upgrade your spacecraft to unleash its full lethal capacity.

HOW TO PLAY:
* Touch screen to move your space ship and kill all enemies.
* Collect items to upgrade or change your weapons.

FEATURES:
* Multiplayer mode: 1 vs 1, 1 vs 3
* High-quality images optimized for tablets and large screens.
* Ability to use active skills during space battles.
* The game is packed with 160+ levels on various difficulties.
* Beautiful levels with immersive missions to complete. 
* Multiple extreme boss battles. 
* Upgrade your guns and lasers.

Enjoy classic space combat - new arcade shooting game - powered up. Download Galaxy Attack: Alien Shooter now!
Follow us on Facebook:
https://www.facebook.com/GalaxyAttack
Join Group with us:
https://www.facebook.com/groups/GalaxyAttackAlienShooter
Contact us:
contact@abigames.com.vn",https://play-lh.googleusercontent.com/0VU1tELbaW2f8vgJYqW_RyZF6DrWY177bYFPt8oXT5esZzFl4V2c39zWlxhDWKo5Mtc,Arcade,4.684775,"100,000,000+",https://play.google.com/store/apps/details?id=com.alien.shooter.galaxy.attack&hl=en&gl=us
Modern Strike Online: War Game,com.gamedevltd.modernstrike,"Modern Strike Online:
Can't get enough of PvP FPS action games? Looking for free killing first person shooter games around?

Well, you're in luck! Modern Strike Online is everything you've ever wanted from a free FPS game and even more!

Enjoy the coolest dynamic modern warfare tactical shooter game with PC quality graphics. Play online with your friends in tense first person shooters and join PvP shooter battles to win and conquer! The FPS mobile game in the vein of everyone's favorite Call of Duty, CSGO and PUBG!

Free FPS game:
5 popular combat shooting modes for single or multiplayer PvP battles! Clans wars and special gun wars!
Free Daily rewards! Play every day to claim your free prizes and complete daily tasks! Easy and intuitive combat controls!
50 unique weapon types: combat pistols, awp rifles, cool machine guns, swat shotguns and other special ops weapons!
CSGO style Weapon skins! Optimization for weak devices!
Call of beautiful modern pc game graphics just as detailed as on PCs! Easy and intuitive controls!

Awesome 5v5 PvP battles:
14 unique 5v5 PvP maps with different surroundings and their own original style! Play awesome games with your own rules!
You'll need good FPS games tactics, strategic thinking and teamwork to win! Find your enemy's weak spots and win!

Popular action game modes:
TDM! Two teams go head-to-head. The goal: destroy and frag your opponents! Dominate the battlefield with your friends!
Call of Deathmatch battles! It's every special ops soldier for themselves! Free for all pvp battle for the most skilled FPS soldiers!
Plant the bomb battle! The terrorist team plants a bomb, and the special forces team tries to stop them! Just like in Call of duty, d day and CSGO.
Special OPS operations: Two teams battle it out with just one life per round. The winning team is whoever has at least one soldier standing at the end.

Multiplayer shooting games:
Fight for your place on the PvP leaderboard! Upgrade your combat armor and weapons, and choose your favorite pg skins. Thanks to optimal game balance, realistic sounds, and awesome pc game graphics.

Popular FPS shooter:
Online FPS combat inspired by cod, pubg and csgo!
50ml+ online players all over the world!

Join our Facebook community:
https://www.facebook.com/modernstrikeofficial

Join our VKontakte group:
https://vk.com/modernstrikeofficial

Join our Discord channel:
https://discord.gg/chDv5wcz2n

Subscribe on YouTube:
https://www.youtube.com/c/LastLevelGames

Support: modernstrike@azurgames.com",https://play-lh.googleusercontent.com/30iJBi_IIq7kDxmVKKMjSmRnmRM1DZPBlv1GjeZpLcBqTS-m40CLm_sUjJgjZG6FBPjx,Action,4.5145698,"100,000,000+",https://play.google.com/store/apps/details?id=com.gamedevltd.modernstrike&hl=en&gl=us
World War Heroes ‚Äî WW2 PvP FPS,com.gamedevltd.wwh,"Looking for WW2 first person shooter games around? Battle players from around the world in a crazy WWII-era online first person shooter game!
Destroy the enemy and survive tank battles in the center of Berlin and other cities. Participate in team and deathmatch battles, plant bombs and defend them, take part in world war massive warfare!

Why you'll love playing World War Heroes first person shooter:
‚úØ Play on 12+ legendary WWII battle warzones!
‚úØ 4 types of combat equipment from the USA, USSR, Japan and Germany!
‚úØ Enjoy 6 dynamic shooter game modes and even create Custom Games with your own rules.
‚úØ Operate your own tank on the battlefield!
‚úØ 100+ unique weapon types: pistols, sniper rifles, machine guns, shotguns and more!

<b>Rules of war: </b>

‚úØ <b>Team deathmatch! </b>
Two teams fight for domination. The team with the highest score at the end of the round wins;

‚úØ <b>Death match! </b>
World at war! You fight for yourself. Player with the highest score wins the round;

‚úØ <b>Point capture! </b>
Both teams capture points on the map that give them battle points. The team with the highest score wins the round;

‚úØ <b>HQ defense! </b>
Each team must protect their own headquarters and destroy the enemy one;

‚úØ <b>Capture the flag! </b>
Capture the flag of the enemies' team and bring it to your base. The team that brings more flags to the base wins the battle;

‚úØ <b>Team battle! </b>
Two teams fight each other with no respawns. The team which has at least one member alive wins;

‚úØ <b>Officer defense</b>
Each team must protect its own officer and destroy the enemy one;

‚úØ <b>Custom mode! </b>
Your game - your rules! Play your way! Create a lobby, invite friends and enjoy the warzone!

HUGE ARSENAL OF WEAPONS! 
All sorts of new weapons will be available to help your team come out on top. Use the whole arsenal, featuring machine guns, grenades, rifles, sniper rifles, bazookas, etc.

AMAZING GRAPHICS AND OPTIMIZATION! 
Dive into online shooter combat with crisp graphics and intuitive controls.

UPGRADE ARMOR AND WEAPONS! 
Build your dream arsenal by upgrading damage and max ammo and decreasing kickback and reload time!

DAILY REWARDS! 
Play pvp shooter every day to earn prizes and get daily tasks and tons of free stuff!
Complete daily tasks and upgrade your gear!

You will love World War Heroes first person shooter action game if you are a fan of tactical realistic PVP shooters, world war shooting games, and multiplayer online army battle games!

WW2 FPS game is specially optimized to work on both strong and weaker mobile devices!
Action shooting game is absolutely free to download!
GOOD LUCK, SOLDIER! 

========================
OUR COMMUNITIES:
========================
Join our Facebook community:
https://www.facebook.com/groups/1261472480647068/

Join our VKontakte group:
https://vk.com/worldwarheroes

Join our Discord channel:
https://discord.gg/sNptd8MgjB

Subscribe on YouTube:
https://www.youtube.com/channel/UChMfgo6g8ri0FaAR-SpYpXw

Support: worldwarheroes@azurgames.com",https://play-lh.googleusercontent.com/Qg3ev3vlQcj8-v76jW051-BCeTRy5b6zEBVJxxsKkcZ-3goyNoX4PDdRQQqaM2-TrYGC,Action,4.5231175,"100,000,000+",https://play.google.com/store/apps/details?id=com.gamedevltd.wwh&hl=en&gl=us
Call of Duty¬Æ: Warzone‚Ñ¢ Mobile,com.activision.callofduty.warzone,"Call of Duty¬Æ: Warzone‚Ñ¢ Mobile is here! Drop into real Call of Duty action with exhilarating FPS Battle Royale and Multiplayer gameplay, featuring Call of Duty: Warzone style combat and weapons with real graphics. Squad up for PvP battles, and fight to win in this Battle Royale mobile game!

Explore iconic FPS Battle Royale maps, Verdansk and Rebirth Island. Enter Shipment, Shoot House, and Scrapyard, high-octane Multiplayer maps in Call of Duty, built for fun, fast-paced firefights. Powered by Call of Duty technology, with Call of Duty: Warzone Mobile you can level up shared weapons, earn shared XP, and bring it all to Call of Duty: Modern Warfare¬Æ III and Call of Duty: Warzone for the ultimate connected Call of Duty experience.

MULTIPLAYER FPS ACTION LIKE NEVER SEEN BEFORE
Fight for survival in this thrilling action game built for mobile. Tactical multiplayer combat,  PvP shooting mechanics, and fast team-based action‚Äîall at your fingertips. Secure the win and guarantee your  survival by any means necessary. 

GAMEPLAY YOUR WAY 
Call of Duty: Warzone Mobile delivers on immersive gameplay with next level graphics and customization.  

Unlock your weapon‚Äôs potential by building personalized loadouts with custom controls to suit your playstyle. 

Discover more with Call of Duty: Warzone Mobile Originals ‚Äî weapons, operators, events, and Battle Pass content that is currently only on mobile.  

WE GOT THE MAPS 
These Battle Royale and Multiplayer maps are iconic.  

Return to Verdansk and Rebirth Island, deploying to your favorite Points of Interest and wreaking PvP havoc on enemies! Squad up with friends for  team-based Multiplayer action in Shipment, Shoot House, and Scrapyard.  

MORE REAL PLAYERS 
 Showoff your battle skills by surviving and dominating the frontlines against real players in competitive Battle Royale matches. Squad up and build your best tactical team to defeat rivals in PvP battles.

CALL OF DUTY AS ONE
World class Call of Duty cross-progression technology allows you to take shared weapons, operators, and Battle Pass XP with you anywhere on mobile. Jump into exciting Battle Royale action and enjoy the FPS multiplayer battlefield together‚Äî anywhere, anytime. 

Survival is only the beginning. 

MINIMUM DEVICE SPECIFICATIONS 
Adreno 618 or better. 4GB RAM or more. 

*Battle Pass cross-progression is shared with certain titles (sold separately). See www.callofduty.com/warzonemobile for more details. 

This app contains social features that allow you to connect and play with friends. Enable push notifications to be informed when exciting events and new content are taking place in the game. You can choose whether to utilize these features. Requires a persistent internet connection (network fees may apply). Age restrictions apply. Allows players to communicate. Includes optional in-game purchases of virtual currency that can be used to acquire virtual in-game items. 

Requires acceptance of Activision‚Äôs privacy policy and software terms of use. Please visit https://www.activision.com/legal/privacy-policy to view Activision‚Äôs privacy policy 

¬© 2024 Activision Publishing, Inc. ACTIVISION, CALL OF DUTY, and CALL OF DUTY WARZONE are trademarks of Activision Publishing, Inc. Google Play is a trademark of Google LLC. All other trademarks and trade names are the property of their respective owners. 

Please contact customer service if you encounter any problems: CODWarzoneMobile@activision.com  
Please see terms and conditions here: https://www.callofduty.com/warzonemobile/warzonemobile-terms",https://play-lh.googleusercontent.com/_5FWy8iqfwWvjLVFNUWYcnaYLKUXLDUPLC1oLzXiMsVL9XJ0CqRZzxkWJKDdRCitJ3I,Action,3.9410014,"10,000,000+",https://play.google.com/store/apps/details?id=com.activision.callofduty.warzone&hl=en&gl=us
Dead Trigger: Survival Shooter,com.madfingergames.deadtrigger,"Get ready for Non-Stop Action in this Shooter Game!

Gear up for some extreme zombie slaying!
‚òÖ Smash hordes of bloodthirsty zombies
‚òÖ Secure vital supplies
‚òÖ Save other survivors
‚òÖ Protect the Safe Haven
‚òÖ Explore the city
‚òÖ Uncover the shocking truth in this intense FPS action game!

Wipe out the horde in a variety of imaginative ways
‚òÖ Blast 'em out of existence with a lethal arsenal of weapons
‚òÖ Put them out of their misery with powerful explosives
‚òÖ Dispatch of the zombie horde with countless creative ways
‚òÖ Evolving zombie AI will keep you on your toes

Load your gun and shoot ‚Äòem up
‚òÖ Equip yourself with beautifully realistic weapons - Colt 1911, Scorpion, Striker, Enfield, or a Minigun
‚òÖ Get stuck in with brutal melee weapons like the Chainsaw, Brain Mill and more
‚òÖ Utilize powerful gadgets including a laser amputator, blade chopper, baits, mines, grenades, radar and more
‚òÖ Unlock 13 character upgrades like Radar and Autoheal

New online service:
‚òÖ Receive free updates with new missions, weapons, gadgets, characters and more
‚òÖ Back up your progress on the Cloud
‚òÖ Add your friends and more

If you love Dead Trigger, don‚Äôt forget to check out the sequel, DEAD TRIGGER 2! We‚Äôre sure you‚Äôll give it two severed thumbs up. It‚Äôs out NOW.",https://play-lh.googleusercontent.com/6HJtSOQSEUuLzcaaVznC2XkiWGwetSL9yCYMOiWT7dxRKxJi5OwN8h4aiQH656dNOw,Action,4.52521,"50,000,000+",https://play.google.com/store/apps/details?id=com.madfingergames.deadtrigger&hl=en&gl=us
Space shooter - Galaxy attack,com.game.space.shooter2,"- Captain! We are in danger!
- We need your help! Our galaxy is attacked by alien shooterüëΩüëΩüëΩ
- The alien invaders beat our squad, they destroyed all of galactica! Space team is waiting for your order! Please command ship to protect the galaxy and the surrounding asteroids. 
- Jump on ship! NOW!

If you are a big fan of arcade shooting game with the new modern combat, and want to bring the freedom in the galaxy games, so <b>Space shooter: Galaxy attack </b> is perfect game for you. With classic free space games genre, old game with a new context, <b>Space shooter: Galaxy attack</b> puts you on fire with infinity space shooting. You will be faced lots of evil enemies and deal with many striker bosses in galaxy wars. Are you sure you will survival in the war of alien shooter?

üëç<b>FEATURE</b>
- <b>Perfect Shoot ‚Äòem up</b>: Choose your fighter ship, starship to build your own space team! Remember to survival!
- <b>Challenging campaign</b>: +200 levels full of alien invaders! It should be your infinity shooting missions!
- <b>Epic and huge bosses</b>: Show-off your skills. Enjoy arcade galaxy shooter game space combat - powered up
- <b>PVP - online shooting games</b>, co-op with friend, gather your space team, mark your name on leader board global.
- Stunning designs, amazing lighting and special effects.
- Lucky wheel, daily quest and free gems everyday for you.

üëç<b>HOW TO PLAY</b>
- Slide to control your spaceship dodge enemy's bullets.
- Use coin and gem to upgrade or evolve your spaceship to fight with giant enemies and alien invaders.
- Use appropriate spaceships and strategies for each level and boss.
- Remember using power-up item, booster item to level up easier.

The Galaxy's future is now in your hands. Get your ship ready for space attack in this arcade galaxy shooter game.

<b>Space shooter: Galaxy attack game</b>  on Facebook:
https://www.facebook.com/Space.Shooter.Fanpage/
<b>Space shooter: Galaxy attack game</b> Community: Join Group to get our support quickly: 
https://www.facebook.com/groups/Space.Shooter.GalaxyAttack/",https://play-lh.googleusercontent.com/VsJBTv7Ta15_SDZbxM0C-GGHhYYx2e1brTFYUx8vDafNCzJrv3mRK2iX2oX8mxb3hgU,Arcade,4.8292184,"100,000,000+",https://play.google.com/store/apps/details?id=com.game.space.shooter2&hl=en&gl=us
Pixel Gun 3D - FPS Shooter,com.pixel.gun3d,"Join 1,000,000+ players worldwide for thrilling online gaming! For all fans of gun games: Pixel Gun 3D is a fun first-person multiplayer action shooter. Download the game and enjoy blocky graphics, competitive gameplay, and much more:

üî´ 1000+ cool weapons
üí£ 40 useful gadgets and tools
üïπÔ∏è 10+ various game modes and gun games
üéÆ 10+ exciting mini-games
üè∞ 100+ beautiful maps rotating during the year
üíÄ Zombie-survival campaign

üëæ IMPOSTER MODE üëæ 
Trapped in the Spaceship with other players, you need to do some tasks to keep the ship working and return home. But there is an impostor in the team who will always interfere with your plans.

üëë ALL-NEW CLANS üëë
Unite with friends and play together to get your clan to the top divisions and enjoy valuable prizes.
Update and customize your Fort to resist PvE Sieges and create a powerful tank to raid other Clans‚Äô forts.
 
‚öîÔ∏è JOIN CLAN WARS! ‚öîÔ∏è
Conquer territories, control the huge global map, collect valor points, and gain income from your lands to win the war.
 
üó°Ô∏è HUNDREDS OF WEAPONS üó°Ô∏è
There is an arsenal of more than 1000 different guns and other cool weapons in Pixel Gun 3D, and you can use all of them. Wanna shoot from a blaster pistol, use a medieval sword and shield or, maybe, the Dark Matter Generator? Just do it! And don‚Äôt forget about grenades..
 
üòé PLENTY OF SKINS üëΩ
Would you like to be an Orc, a Skeleton, a mighty Amazon or someone else? Use extra-detailed skins and outfits to show off. Or create your own in the Skin Editor.

üëæ GAME MODES üëæ
Battle Royale, Raids, Deathmatch, Duels‚Ä¶ There are so many opportunities for you to challenge yourself. Not mentioning the brawls that rotate every week... Enjoy plenty of gun games in the world of PG3D!

üé≤ MINI-GAMES üé≤
Tired of being the best on a battlefield? It is time to participate in the competitions and show your fighting and shooting skills to every warrior worldwide. Sniper Tournament, Parkour Challenge, Glider Rush and other challenges await their hero!

<b>Follow our news:</b>
Facebook: https://www.facebook.com/PixelGun3DOfficial/
Instagram: https://www.instagram.com/pixelgun3d_official/
YouTube: https://www.youtube.com/c/PixelGun3DYT
Support: support.gp@cubicgames.com

Join one of the best gun games now and prepare for real action!",https://play-lh.googleusercontent.com/4JJnGXW1XTkD-aXZEnS8Mqr-oOXLt2DpMLcckqWOwIoey6YoewM57iXv3N5T9B6M7w,Action,4.1643043,"100,000,000+",https://play.google.com/store/apps/details?id=com.pixel.gun3d&hl=en&gl=us
Call of Duty: Mobile Season 4,com.activision.callofduty.shooter,"It's CALL OF DUTY¬Æ and more, like you never seen before. The famous FPS multiplayer game is  back with new seasons full of action! 

Play this fun first-person shooter (FPS) and explore popular Multiplayer modes such as Team Deathmatch, Domination, and Kill-Confirmed on iconic maps such as Shipment, Raid, and Standoff, all in CALL OF DUTY¬Æ: MOBILE!

Squad up with other players and survive the multiplayer experience. 

Play iconic multiplayer maps and modes anytime, anywhere. Fast 5v5 team deathmatch? Scary Zombies action? Sniper vs sniper battle? Activision‚Äôs free-to-play CALL OF DUTY¬Æ: MOBILE has it all.

Experience the thrill of the world‚Äôs most beloved shooter game on your phone for fun on-the-go! 

DOWNLOAD FOR FREE TODAY
CALL OF DUTY¬Æ: MOBILE boasts console quality HD gaming on your phone with customizable and intuitive controls, voice and text chat with your friends, and thrilling 3D graphics and sound. Experience this iconic franchise, on the go. Play this FPS anywhere.

NEW SEASONAL CONTENT UPDATED MONTHLY
CALL OF DUTY¬Æ: MOBILE releases new content with every season with new game modes, maps, themed events, and rewards so it never gets old. Every season expands upon the story in the CALL OF DUTY¬Æ universe and brings new & unique unlockable content for everyone to enjoy. Jump into the battle today!

CUSTOMIZE YOUR UNIQUE LOADOUT
Unlock and earn dozens of iconic operators, weapons, outfits, score streaks and new pieces of gear that can be used to customize your loadouts, allowing you to play CALL OF DUTY¬Æ: MOBILE your way. Take your victory!

COMPETITIVE AND SOCIAL PLAY
Gather your friends and test your mettle in competitive ranked mode or sharpen your aim in social play. Join a clan for a sense of community and earn unique rewards for participating in Clan Wars. It's fun to play with others!

DOWNLOAD OPTIONS TO REDUCE APP SIZE
Download and play CALL OF DUTY¬Æ: MOBILE without the barrier of storage space. As part of an effort to make CALL OF DUTY¬Æ: MOBILE more accessible, the initial app download size has been reduced and additional options allow players to choose what is downloaded to experience the full game, such as HD resources, maps, weapons, and operators.

Have what it takes to compete with the best? Download CALL OF DUTY¬Æ: MOBILE now!
_________________________________________________________
NOTE: We welcome any feedback during your experience to improve the game. To give feedback, in-game go to > Settings > Feedback > Contact Us.
Subscribe for Updates! ---> profile.callofduty.com/cod/registerMobileGame
_________________________________________________________
Note: An internet connection is required to play this game.
Please note this app contains social features that allow you to connect and play with friends and push notifications to inform you when exciting events or new content are taking place in the game. You can choose whether or not to utilize these features.
¬© 2024 Activision Publishing, Inc. ACTIVISION and CALL OF DUTY are trademarks of Activision Publishing, Inc. All other trademarks and trade names are the properties of their respective owners. By downloading, installing or using this App, you agree to Activision's privacy policy and terms of use, as may be updated by Activision from time to time. Please visit http://www.activision.com/privacy/en/privacy.html to view Activision's privacy policy and https://www.activision.com/legal/terms-of-use to view Activision's terms of use.",https://play-lh.googleusercontent.com/zX7jmUbnCkH1LlhGFIffDv76OgJjIy3zZvzC6DPO-Cl-BPXfNVluTCDHTX6YSpvxKUrd,Action,4.3065333,"100,000,000+",https://play.google.com/store/apps/details?id=com.activision.callofduty.shooter&hl=en&gl=us
Galaxiga Arcade Shooting Game,com.os.space.force.galaxy.alien,"<b>Galaxiga: Classic Arcade Space Shooter - Free Games</b> is an arcade space shooting 80s game that makes you feel like you are playing a Galaga classic game on mobile. If you are a big fan of arcade retro shooter games like Galaxia, Galaxian, Galaga & Galactica with new modern shooting way and want to give freedom to galactic games, then Galaxiga: Classic Arcade Space Shooter - Free  80s Games is the perfect game for you.

<b>Galaxiga</b> - a Galactica classic space shooter game of the free space genre, an old game with a new setting: Galactica attack sets you on fire with infinite space shooter. You will face a lot of evil enemies and deal with many striker bosses in galactic wars. Are you sure you will find survival in the war of alien shooters in the Galaxy? As the game progresses, you'll earn the right to upgrade your spaceship to its full lethal potential. Earth's last hope is in your hands, take control of the lone spaceship and protect Earth from alien galactica. It will help you remember your own intense childhood through the Galaxiga Shooter game.

<b>Features:</b>
- Shoot ‚Äòem up retro style: Multiplayer mode: 1 vs. 1, 1 vs. 3
- PVP - online shooting games, co-op with friends, gather your space team, mark your name on the leader board of the global galaxy shooting mission.
- High-quality images optimized for tablets and large screens help you enjoy arcade galaxy shooting game space shooter combat - powered up
- Gorgeous Pixel graphic reminds old school games 
- Super-easy control that tutorial is not needed
- Strong and varying enemies
- Tough and fierce Boss battle
- Various ways for the power upgrade
- True space battle experience
- High-quality images optimized for tablets and large screens.
- Arcade games free - Arcade shooter games Galaxian - space shooter - galaxy attack offline games for free.
- Various upgradeable spaceships. Choose your fighter ship, or starship to build your own space team! Remember to survive!
- Multiple extreme boss battles. 
- Upgrade your guns and lasers.

<b>How to play:</b>
- Touch the screen to move your spaceship and destroy all enemies from the galaxy.
- Collect items & Boosters to upgrade or change the weapons of your spaceships.
- Slide the screen to control your spaceship to dodge enemy bullets.
- Use coins and gems to upgrade or develop crafts in your space to fend off giant enemies and alien invaders.
- Use the right spaceship and strategy for each level and boss.
- Remember to use power-up items, power-up items. They will make it easier for you to finish in space shooter combat.

Enjoy the classic space war powered up. Galaxiga: Classic Arcade Shooter 80s - standout free arcade shooting game!

<b>Galaxiga: Arcade Shooting Game</b> on Facebook: https://www.facebook.com/galaxiga.game
<b>Galaxiga: Arcade Shooting Game's </b> Community: https://www.facebook.com/groups/GalaxigAGame/",https://play-lh.googleusercontent.com/1S_hMylWLhUihhSz8GKd8FLNLW9072nB5VyNYfA5vuilQr9OiUL64V9kzk4EwpJ-c2Q,Arcade,4.631952,"50,000,000+",https://play.google.com/store/apps/details?id=com.os.space.force.galaxy.alien&hl=en&gl=us
FRAG Pro Shooter,com.ohbibi.fps,"Dear Fraggers,
We are thrilled to announce the arrival of FRAG V3!

FRAG is a free PvP hero game. Choose your hero, create your team, enter the arena and start the combat. Discover FRAG, the FPS and TPS battle game by Oh BiBi!

Play explosive 1v1 duels against players worldwide in this FPS and TPS game designed for your phone. If you prefer social games, don‚Äôt worry; we have a 2vs2 online team game option.

PvP mode filled with epic battles:

- Join players from all over the world who love battle games
- Meet other players for short and crazy online PvP battles
- Control your character in first person (FPS) or third person (TPS) games views
- Discover the new 2v2 team mode! Cooperate with one of your friends or a random player to defeat the opponent team
- 100+ unique weapons: try them all

Personalize your gameplay for 1v1 matches:

- Switch between your 5 characters and gain the advantage
- Choose your strategy and lead your team to the victory
- Being dead isn't that bad: revive instantly with another character and start over
- Your battle team, your style: attack, defense, etc.
- Adapt the weapon to the map and to your gameplay

Create your own FRAG team:

- 100+ heroes for your dream team
- Customize the skins and the power to make your hero the absolute champion
- Play offline or online in the combat games
- Multiplayer is not a dream anymore, if you can play online, you can play with others
- 5 heroes means 5 weapons, find the right balance between all

Tips

- Every character has its strengths and weaknesses: try them all to see which ones are best for you!
- Both offline and online the heroes have the same powers!
- Attack the enemy target to get lots of points, but beware of ambushes!
- Check your missions for unique rewards!

New month, new hero, new meta:

- The same team can‚Äôt win forever
- Nerf and buff custom-designed monthly to ensure an exciting meta

In case you want to fire offline, don‚Äôt worry, Frag lets you fire offline as well!

FRAG has everything a game needs: FPS and TPS options, auto fire, and all the controls are adjustable to fit your playing style!

Follow us to get news and updates:
https://www.facebook.com/FRAGTheGame/
https://twitter.com/FRAGTheGame
https://www.tiktok.com/@fragproshooter

Privacy policy: https://www.ohbibi.com/privacy-policy
Terms of Service: https://www.ohbibi.com/terms-services",https://play-lh.googleusercontent.com/Y8yBDG-CEj3tJMOC249qkf8DY6hdIhnIane3EIccX0d9y_Urzhnlf0t0-WJDYhjLI74,Action,4.1894145,"100,000,000+",https://play.google.com/store/apps/details?id=com.ohbibi.fps&hl=en&gl=us
Shadowgun Legends: Online FPS,com.madfingergames.legends,"<b> Enjoying online shooters and multiplayer gun games? Would you like to discover a whole new universe, kill some nasty aliens and drink in a spacebar? </b> Then this online game is the right choice!

‚òÖ<b> Award-winning Action First-person Shooter </b>‚òÖ
The universe is under attack and the last line of defense are the Shadowguns - legendary warriors, heroes and showmen. Fight against the alien invasion in the sci-fi world of Shadowgun Legends. Embrace your destiny and join the action in the epic story campaign, competitive PvP or co-op games! Show the galaxy who is the ultimate shooter and become a Legend!

‚òÖ<b> Immersive Online Multiplayer </b>‚òÖ
Bring your friends to an intense Co-op available for every mission, dungeon and arena. Join a guild or make one of your own and play multiplayer shooting games together! Feeling social? Visit Brno, our fallout town and meet new friends in the hub or in the bar! Apex of your adventures await!

‚òÖ<b> Thrilling Story Campaign </b>‚òÖ 
Shoot aliens and fight for the survival of humankind in the epic story campaign in hundreds of missions spanning across 3 diverse planets. Every mission is playable in co-op and loaded with tons of action adventures and loot!

‚òÖ<b> PvP Multiplayer Battles </b>‚òÖ 
Compete in PvP multiplayer game modes. Challenge friends to modern combat in a 1v1 duel or join a team in various tactical 4vs4 multiplayer games! Progress through the competitive leaderboards and reach the apex of Legends!

‚òÖ<b> Epic PvE Looter Shooter with Raids and Arenas </b>‚òÖ 
Join forces with friends and shoot giant bosses for glory and legendary loot together. Fight and defeat the alien threat in War Games Arenas and Special Dungeons only on your mobiles! True Hardcore Shooting PvE FPS Experience!

‚òÖ<b> 700+ Unique Super Futuristic Guns</b>‚òÖ 
Choose from a variety of guns including Pistols, Assault Rifles, Sub-Machine Guns, Heavy Machine Guns, Shotguns, Sniper Rifles, and Rocket Launchers. Pick the right gun and unleash mayhem!

‚òÖ<b> Endless Customization Options </b>‚òÖ 
Collect over 1000 futuristic armour pieces. Try out different Paint Cans, Skins and Stickers. Build your own unique looking armour sets! Choose your style ‚Äì show halo or horns, and have fun!

‚òÖ<b> Top of the modern controller compatible games </b>‚òÖ 
Choose between touch control or an enhanced virtual joystick! Our unique FPS controls system is approved by millions of players worldwide. Gamepads support included! Easy controls with auto-fire shooting allows you to focus solely on your survival.

‚òÖ<b> Become a Legend </b>‚òÖ 
Progress through the Fame System that rewards your every action. The more you play, the more famous you are - and the more the world reacts to your actions! Fulfil your destiny and become legendary!

‚òÖ<b> Apex of the High-End Mobile Graphics </b>‚òÖ 
We push the frontiers of what is possible on mobile devices! Shadowgun Legends is a breath-taking f2p online shooter with great graphics that blurs the lines between console and mobile gaming. 

‚òÖ<b> Dedication to Quality </b>‚òÖ 
At DECA Games, we‚Äôve always challenged ourselves to push the frontiers of mobile FPS online games to the console-quality. Millions of players have been blown away by our innovative approach, cutting edge graphics and precise FPS controls. We have been developing the best FPS shooting games since 2010. The authors of Dead Trigger, Dead Trigger 2, Unkilled and Shadowgun War Games, first-person action shooters downloaded by more than 200M players, we bring you this ultimate multiplayer free-to-play shooter!",https://play-lh.googleusercontent.com/HpOlK6ARTzYam_V0b5TxQ-hr9IOb5VSskopbhZ2283D4HVizPsDZqGblAccKNwjWv-Fl,Action,4.3450336,"10,000,000+",https://play.google.com/store/apps/details?id=com.madfingergames.legends&hl=en&gl=us
Critical Ops: Multiplayer FPS,com.criticalforceentertainment.criticalops,"Critical Ops is a 3D multiplayer FPS designed exclusively for mobile devices.

Experience intense action, where fast reflexes and tactical skills are essential to success. Are you ready for the challenge?

FEATURES
Critical Ops is a first-person shooter that features competitive combat through beautifully crafted maps and challenging game modes. Battle it out alongside your band of brothers or lead an individual scoreboard.

The outcome is determined by your skill and your strategy. Critical Ops has no in-app purchases that give a competitive advantage. We guarantee a fair-to-play experience.

Master a variety of modern weapons such as grenades, pistols, submachine guns, assault rifles, shotguns, snipers, and knives. Improve your aiming and shooting skills by competing in intense PvP gameplay. Competitive ranked games pit you against other similarly skilled operatives. Grow into a hero.

Go social! Call out to your friends and invite them to join your clan. Host private matches and organize tournaments to win prizes. You are strong by yourself but stronger as a team.

Critical Ops expands the world of esports onto mobile platforms. Spectate the pros in action or squad up with your friends and build your dream competitive team. Join our vibrant esport scene and become Critical Ops legends.


GAME MODES
Defuse
Two teams, two goals! One team tries to plant and defend a bomb until detonation while the other team‚Äôs duty is to prevent its arming or to defuse it.

Team Deathmatch
Two opposing teams battle it out in a timed deathmatch. Play with all the fury of war and make each bullet count!

Elimination
Two teams fight it out until the last man. No respawn. Counter the attacks, survive, and dominate the battlefield!


GAME TYPES
Quick Games
Play all the available game modes in quick, matchmade games with operatives of similar skill levels. Gear up and fire!

Ranked Games
Operatives compete for points and secure their rank through victory in a competitive matchmade adaptation of Defuse. Climb to the top of the ladder!

Custom Games
The classic way of playing Critical Ops. Join or host a room of any of the available game types or create your own. Host password-protected private rooms.


REGULAR UPDATES
We update the game regularly, improving game performance, and adding themed events, new features, rewards, and cosmetic customization options to make the best possible experience for our players.

MOBILE FIRST. FLAWLESSLY OPTIMIZED.
Critical Ops is natively designed for mobile. It's lightweight and fully optimized to work on a wide array of devices. No additional downloads are required.


Will you resolve the standoff as a member of Coalition or The Breach?


Download and join the Critical Ops community:

Facebook: https://www.facebook.com/CriticalOpsGame/
Twitter: https://twitter.com/CriticalOpsGame
YouTube: https://www.youtube.com/user/CriticalForceEnt
Discord: http://discord.gg/criticalops
Reddit: https://www.reddit.com/r/CriticalOpsGame/
Website: http://criticalopsgame.com

Privacy Policy: http://criticalopsgame.com/privacy/
Terms of Service: http://criticalopsgame.com/terms/
Critical Force website: http://criticalforce.fi",https://play-lh.googleusercontent.com/EPb8BSLfRYiTScThq4f0fVT_SWIYZXdUyPGX0dopRS_WmbN1t0i6r8Q-Md9SFqlgtnk,Action,4.2197804,"50,000,000+",https://play.google.com/store/apps/details?id=com.criticalforceentertainment.criticalops&hl=en&gl=us
Dead Trigger 2 FPS Zombie Game,com.madfingergames.deadtrigger2,"‚òÖ Over 110 Million downloads ‚òÖ
‚òÖ Non-Stop FPS Action Zombie Shooter ‚òÖ

Get ready for the ultimate zombie game. It is time for you to rise up and fight for your survival in a zombie apocalypse in this heart-stopping First Person Shooter (FPS) adventure! 

‚òÖ Build your personal Hideout and meet the Gunsmith, Scientist, Smuggler, Medic, and Engineer.
     It's not only an fps shooter, but it's also game for months.
‚òÖ Unlock 10 regions and plan a strategy for 33 different battlefields. 
     Save the world against zombies!
‚òÖ Over 600 gameplay war scenarios and intensive storytelling campaigns. 
     More than in any zombie game!
‚òÖ More than 70 types of gun weapons. It was never so easy to kill Zombies!
     No other fps zombie game has that many weapons

Wipe out the zombie hordes in a variety of imaginative ways. This Zombie FPS shooter is full of evil action! Come and help us, almost all of us are dead.

‚òÖ Choose between a touch control or an enhanced virtual joystick.
    Best FPS controls ever in the best zombie game!
‚òÖ Use brutal melee weapons like the Wrench, Bats, Hammers, Katana, Chainsaw, Swords, and Machetes!
    In any other zombie game isn't that many brutal weapons!
‚òÖ Powerful Pistols, Rifles, SMG, Miniguns, Rocket launchers, Shotguns to even experimental weapons!
   It's a shooting game and we know how to do a proper fps game!
‚òÖ Fun and entertaining gadgets from Mines, Turrets to lethal Chickens!
   But it's also a fun zombie game, check those Chickens!

‚òÖEvery week new Tournaments in the beautiful Arenas - The best zombie games. Kill Zombies with style. ‚òÖ

At DECA Games we‚Äôve always challenged ourselves to push the boundaries on mobile devices, and we‚Äôre proud of our console quality FPS shooter games. From cutting edge graphics to our precise FPS control system, over 200 million players worldwide have been blown away by our innovative approach and dedication to quality. We have been developing the best FPS shooting games since 2010. As the authors of Dead Trigger, Unkilled, Shadowgun Legends and Shadowgun War Games, successful first-person action shooters downloaded by millions of players across the globe, we bring you this ultimate free-to-play zombie shooting game!",https://play-lh.googleusercontent.com/IWkpXIPZMoqtnmP54cs9VnLbRZ5y5_y8ae2vbnj-JxEVaQLYXzO3qk1XyfL8L7FFB7ZI,Action,4.500033,"50,000,000+",https://play.google.com/store/apps/details?id=com.madfingergames.deadtrigger2&hl=en&gl=us
Pure Sniper: Gun Shooter Games,com.miniclip.realsniper,"<b>Pure Sniper is an exciting and realistic sniper shooting game with a massive campaign mode that can be played offline and a realtime multiplayer PvP combat mode.</b>

Arm yourself with various powerful sniper rifles, machine guns, shotguns, and pistols to complete modern combat missions deep inside enemy territory.

Playing the ultimate FPS sniper game is more exciting than you can imagine. You have to prove yourself against your enemies in this combat mission sniping game, but be careful because they will not just sit back and let a sharp sniper shooter take them down!

<b>Why Pure Sniper is Epic?</b>

<b>Sniper Main Campaign:</b> In this mode, you will be able to eliminate targets in many cities around the world. Complete these sniping missions and explore new virtual reality space with interactive sights!

<b>Gun Range Competition:</b> Take this challenge if you have gun shooting skills to kill your target from any range. 

<b>Hostage Rescues</b> Where you will use your sniper skills to help helpless hostages escape dangerous criminals. 

<b>Help The Police in A Gun Fight</b> in this mode, you will be able to assist the police in a firefight to take out gun carrying criminals. 

<b>Take out Manhunt Targets:</b> You will be shooting a wanted target, sometimes it can be an armed criminal, sometimes it can be a thief, or maybe a dangerous criminal. 

<b>Helicopter Assault</b> In this mode, you will be using your epic sniper skills to shoot & stop criminals while riding a helicopter. 

<b>Fight & be #1:</b> Kill your enemies in this gun simulator and assassin game to become the #1 sniper around the world.

<b>Collect Epic guns</b>  For example, you will have to show your sniper shooter skills whether you are single or in a shooter's gang. Save the city and get to collect Sniper rifles, Assault rifles, submachine guns, Shotguns, and Pistols.

sniper Clan Competition where you will be able to join a sniper clan and be able to join your clan on the Sniper PVP leaderboard. 

<b>Pure Sniper Game Features:</b>
- This FPS Gun Simulator game has a thrilling 3D design and sound. The graphics are breathtaking, with slow-motion shots that will leave your heart racing!
-  Many fun & exciting sniping guns, pistols, bullets, and grenades.
- The battle simulator game is totally free to play. Available in offline solo and online multiplayer modes. You can join the battle and start playing the game even when you are offline
- Play in multiple battlegrounds
- Simple & smooth gun shooting control
- Interactive & action-packed environment
- Connect with the FPS snipers around the world to beat other teams.
- Different enemy types. Each type has its own strengths and combat objectives, which you need to take into account when facing them on the battlefield!

<b>This sniper shooter game includes many challenging modes, and over 400 missions, several secondary missions, and many special events celebrated regularly.</b>

Make your way through the world and collect all of those great guns from each location. As a combat shooter, you'll need them for a special mission that only these weapons can accomplish!
In order to get the job done, you'll need a high-power sniper pistol. Upgrade it for improved accuracy and range!

Step into the ultimate 3D FPS action adventure! An epic & exciting sniper shooting game, which offers an immersive, competitive experience for endless hours with your friends. With versatile controls and unlimited missions to play on top of cool graphics-based visuals that make it fun no matter where you are!

Note - if playing from a country that blocks access to our servers, some features may not be available",https://play-lh.googleusercontent.com/16S9gMEir9d_k8MXVul2ONkcheh3fvJo7lp2WzCy4jilqwCJqIvO3aJyJwmhPFwdKCQ,Action,4.648626,"50,000,000+",https://play.google.com/store/apps/details?id=com.miniclip.realsniper&hl=en&gl=us
Battle Prime: FPS gun shooting,com.blitzteam.battleprime,"Battle Prime brings you the ultimate mobile tactical shooter experience! Unique 3rd person shooting game - engage in high-stakes multiplayer PVP battles, shoot the enemies, and think carefully, as every decision shapes the outcome. With console-level graphics and intense modern warfare, this game delivers adrenaline-fueled excitement right to your fingertips.

[Prepare for the Action]

In the midst of the chaos of battle, where every step could mean life or death, Battle Prime stands as a beacon of adrenaline-fueled excitement. Feel the rush of combat as you engage in intense 3D firefights against skilled opponents from around the world. Whether you're a seasoned shooter veteran or a newcomer to the world of FPS games, there's something for everyone in this action-packed arena.

[Choose Your Prime Agent] 

Dive into battle as one of the superpowered war heroes, each with unique abilities and a formidable arsenal. Whether you prefer the precision of a sniper or the rapid-fire chaos of an assault rifle, there's a Prime Agent for every playstyle. Equip your favourite gun and unleash devastation on the battlefield!

[Join the Fight]

Team up with friends in co-op squads and face off against rivals in intense PVP showdowns. In fast-paced 3v3 and 5v5 battles, teamwork is paramount. Combine Prime Agents strategically to become an unstoppable force on the battlefield. Shift tactics on the fly and emerge victorious in the heat of combat.

[Grab Rewards] 

Every victory brings you closer to becoming the coolest Prime Agent on the battlefield. Complete missions during seasons to unlock exclusive rewards, featuring new Prime Agents and powerful weapons. Dominate the arena and show everyone your prowess in PVP combat!

[Enjoy Stunning Graphics]

Powered by a self-developed mobile engine, Battle Prime offers photo-realistic graphics and detailed war heroes, weapons, and maps. Immerse yourself in the striking PVP modern army world and experience the highest standard of immersion right on your mobile device.

[Join the Community]

Don't miss out on the adrenaline-pumping action ‚Äì download Battle Prime now and join the global gaming community! Connect with fellow players on social media to stay updated on the latest events and engage in thrilling battles:
Facebook: https://www.facebook.com/BattlePrime
Instagram: https://www.instagram.com/battleprime 
Youtube: https://www.youtube.com/channel/UCZ687ZSJqWy3LpkPZ9hKonQ 
Discord: https://discord.gg/battleprime 
X: https:/x.com/PrimeBattle
Reddit: https://www.reddit.com/r/BattlePrime 

Please contact customer service if you encounter any problems: https://www.battleprime.com/support 
Gear up, load the gun, and prepare for the battle of your life. The war is raging, the army is ready, and the bullets are whistling. Become the legend of Battle Prime!",https://play-lh.googleusercontent.com/eB14BIh8E5DrOSA-WI4-u6JY6C7nQWbvPyFNs0poRaJq90uFsadQe_4zl3wSQ2-oOW0,Action,4.3284626,"10,000,000+",https://play.google.com/store/apps/details?id=com.blitzteam.battleprime&hl=en&gl=us
Hunting Clash: Shooting Games,com.tensquaregames.hunting.clash.wild.hunter.deer,"The 2024 hunting season is in full swing! Dust off your gun, travel to hunting locations, and observe animals in their natural habitat. Ready to hunt? Let‚Äôs play Hunting Clash - a next-generation hunting simulator & shooting game!

Breathtaking shooting areas
Visit hunting locations: hunt in the woods of Montana, in the freezing forest of Kamchatka, go on a hunting safari in Africa! Stunning views and realistic animals like in no other hunting games offline! Feel the thrill of a big game hunter marksman in the free hunting game like never before! It‚Äôs much more than other free sniper games online. 

A sniper shooting game on your mobile
Track animals - deer, elk, grizzly bear, wolf, duck and many more. Choose an animal, prepare your gun, aim and shoot! Big buck hunter games are a combination of hunting games offline and sniper games genres. Master your sniper shooting skills and become a big buck hunter marksman in a top hunting game!

Hunt or be hunted
Marksman shooting is crucial for every hunter and sniper. And there are tons of events to participate in every day! You have to show off your animals tracking and sniper skills like in the real sniper games online and hunting games! Hunt for specific wild animals like deer in locations in Africa, USA, and Russia. Level up and become a big buck hunter marksman!

A weapon of your choice
A sniper rifle or a bow? Your call. Gun hunting is much more popular than bow hunting, but bow shooting still has admirers amongst old-fashioned hunters in big buck hunter games - especially on a deer hunt. Whether you prefer gun hunting or bow hunting, there are plenty of upgrades to choose. Enhance your shooting gear and shoot animals with deadly sniper precision of hunting game master.

Cross your guns
Who said sniper games are all about solo sport? Big buck hunter games are much more exciting while playing with others! Go deer hunting in a 1v1 PvP duel and start a shooting battle with others. The call of the wild - it‚Äôs what drives you to the top of big buck hunter games leaderboards. Become a master of sniper games, get epic loot and show off who‚Äôs boss in this animal shooting game.

Realistic hunting locations
Hunting simulator is not only about being a good sniper. To become a master of big buck hunter and marksman games, you have to pay attention to your surroundings. Just like in fishing games. Otherwise, you may not have a chance to shoot with your gun at all! Hunting Clash offers dozens of real nature-based locations where buck hunters can blend in and wait for their prey. Travel across Africa, Australia, USA, Poland and many more! Not all sniper games or hunting games offline can encourage hunters with such a variety of amazing hunting places. Grab your guns and go for a great sniper games adventure!

Train a hunting dog!
A dog is a hunter‚Äôs best friend. Especially in hunting games offline. Get one, train it and gain bonuses for specific big buck hunter games. With such a trustworthy ally hunting a big game is a real pleasure.

Join a Hunter Club!
Join forces with fellow hunters and together drive your Hunter Club to the top. Share gear and your big buck hunter marksman experience and fulfill Club‚Äôs goals. Whether you prefer to hunt solo or try your gun in a duel in PvP hunting games, gun shooting practice in Hunter Clubs is something for every buck hunter.

Graphics like in AAA sniper games
See a wolf or a bear fur? A realistic deer? Hunting for animals like these is a real treat, especially in sniper games. It‚Äôs an AAA quality of hunting games!

Answer the call of the wild and unite with your gun to hunt animals like a big game hunter. Pick your guns, track animals, collect hunter gear, observe nature‚Äôs beauty and fight in sniper games. Look no further for other hunting games offline. Play Hunting Clash and feel the thrill no other free hunting games offline can provide! Download now for free and start your adventure with big buck hunter games. Sniper games couldn't be better!",https://play-lh.googleusercontent.com/9xCUwYfU2lUebogfd2yKWV0M7n2wr73slqGLejAaX16CT1lnN9bs5CtVkP4tkotThg,Simulation,4.55731,"10,000,000+",https://play.google.com/store/apps/details?id=com.tensquaregames.hunting.clash.wild.hunter.deer&hl=en&gl=us
PUBG MOBILE,com.tencent.ig,"„ÄêEpic battle royale masterpiece„Äë
Lots of events for you to explore. Climb to the top in PUBG MOBILE and fire at will. In this war zone, every shot is a potential game-changer. PUBG MOBILE is the original battle royale game on mobile and one of the best mobile shooting games. 

„ÄêExtreme battles in 10-minute matches„Äë
Prepare your firearms, respond to the call for battle in PUBG MOBILE, and fire at will. Only the most strategic and quick-witted players emerge from the chaos of warfare.

„ÄêTons of maps and modes„Äë
PUBG MOBILE has many maps and gameplay mechanics that give you a thrilling survival experience. Find your friends and play the new modes together! Play however you like and fire at will!

„ÄêPlay anytime, anywhere„Äë
Relax and play PUBG MOBILE to your heart's content! Enjoy the smoothest gunplay for an unparalleled gameplay experience. PUBG MOBILE is a relentless warfare experience that unfolds on your mobile device, where every strike could be a matter of win or lose.

„ÄêMade especially for mobile phones„Äë
Features customizable controls, training mode, and voice chat with friends. Experience the smoothest control experience and the most realistic firearms on your phone.

PUBG MOBILE has the highest fidelity items and gameplay experience. PUBG MOBILE can fulfill any wish you might have. Choose from countless firearms and test your marksmanship. New items, maps, and modes are constantly being added to the game.

PUBG MOBILE offers the most intense multiplayer battles on your mobile phone. Join the battle, gear up, and play to win. Survive in epic 100-player battles in Classic Mode, Payload, fast-paced 4v4 Arena battles, and Infection Mode. Survival is all that matters. Be the last one standing. Accept missions and fire at will!

„ÄêFollow us„Äë
Instagram: https://www.instagram.com/pubgmobile
Facebook: https://www.facebook.com/PUBGMOBILE
X: https://twitter.com/PUBGMOBILE
YouTube: https://www.youtube.com/pubgmobile
TikTok: https://www.tiktok.com/@pubgmobile
Reddit: https://www.reddit.com/r/PUBGMobile/
Discord: https://discord.gg/pubgmobile
Please contact customer service if you encounter any problems: service@pubgmobile.com

This game includes optional in-game purchases (includes random items)
Please read PUBG MOBILE's Privacy Policy and User Agreement
Privacy Policy: http://pubgmobile.proximabeta.com/privacy.html
Tencent Games User Agreement: https://www.pubgmobile.com/terms.html",https://play-lh.googleusercontent.com/uqq6a-fHayQxsNQkxB9ZZXag8N7Du5mOEKcScr9yltHqx3RKgCdr9VJHKGO2vY_GUe0,Action,4.265209,"500,000,000+",https://play.google.com/store/apps/details?id=com.tencent.ig&hl=en&gl=us
Armed Heist: Shooting games,com.sozap.badmen,"<b>Time to get to work in Armed Heist ‚Äì the action-packed third person shooter game that gets your heart pumping!</b> Test your reflexes as you venture on your bank robbery spree. Robbing banks & armored trucks has never been more thrilling as you avoid flying bullets.

Looking for a great bank robbery third person shooter game? Welcome to the right place, where you face off against the cops in over 70 bank shooting challenges in the best tps game online!
Your mission:  become a ruthless thug and bank robbing crime lord! <b>Always be the first person shooting, or else you will end up six feet under.</b>
 
<b>Killer Game Features:</b>
‚Ä¢         <b>Customizable Weapon System</b> ‚Äì build the wildest, modified guns you could ever imagine! Pistols, shotguns, snipers & assault rifles! Get your arsenal as deadly as possible for the next bank robbery!
 
Modify it with action-packed sights, suppressors, grips, barrels, stocks & killer skins! All of which will affect the performance of your weapon.
 
‚Ä¢         <b>3D Crime Map</b> ‚Äì A dynamic job database crime map of low security banks and armored trucks, lets you pick and choose what heist you want to pull today!
 
‚Ä¢         <b>Dynamic Scenarios</b> ‚Äì Get ready for the thrill! In this tps online shooting game, no bank shooting challenge ever plays out the same way twice. Every single scenario will be different depending on your moves and gun skills.
 
‚Ä¢         <b>Pimp Your Character</b> ‚Äì Create your own ruthless bank robber! Want to be a killer clown?  X special forces? Maybe a badass gangster? Earn skins, masks, bulletproof vests & awesome outfits. High-quality 3D graphics and immersive gameplay make this third person shooter into an action-packed shootout!
 
<b>Armed Heist is one of the most intense third person shooter games online.</b> Unlike fps games (first person shooter game), where all you see in the barrel of your gun, in tps games (third person shooter games) the camera rotates around your character in an active and dynamic way, making you feel like you are the one robbing banks and blazing bullets!
<b>Grab your gear. You got a job to do.</b>",https://play-lh.googleusercontent.com/OBcmH3LpbWKZCDGHaeNPxdYzP2ba5ULDzqC5tYgXYrzK3W-HVTbUJk-wnJ-OAxPW,Action,4.4270725,"10,000,000+",https://play.google.com/store/apps/details?id=com.sozap.badmen&hl=en&gl=us
Bullet Echo,com.zeptolab.bulletecho.google,"Like action shooters? Bullet Echo is an exciting PvP tactical top-down shooter. Use stealth, team up, and shoot to win in this shooting game with multiplayer!

Choose from dozens of different heroes with unique play styles, guns and abilities.
Unite with friends, set a strategy, and be the last team standing when the battle ends!

From the creators of C.A.T.S.: Crash Arena Turbo Stars, King of Thieves and Cut the Rope.

- UNIQUE TACTICAL STEALTH ACTION: Your vision is limited by the beam of a flashlight, but you can hear enemies' steps and shots.
- DESIGNED FOR TEAM PLAY: Start playing with friends online right away! The level of your hero is matched with the highest level in the party.
- MULTIPLE GAME MODES: Team vs Team, Solo and Battle Royale mode with 5 small teams on one map.
- UNLOCK AND UPGRADE NEW HEROES: Each hero has a unique set of abilities. Rank up to boost your hero's power and unlock new perks.
- BE ON TOP: Participate in championships, accomplish missions and receive valuable resources.
- GET REWARDS: Fight to unlock new heroes with unique guns, new perks, maps and game modes!

Official Discord server of the game: https://discord.gg/u4ApPB7",https://play-lh.googleusercontent.com/NJrIW56MyyR3Uci024MmfrIfvZ4BgQ8QLOJRVVj7iYzuLpuaVqA-MGFrp2aDxVuknK7B,Action,4.543667,"10,000,000+",https://play.google.com/store/apps/details?id=com.zeptolab.bulletecho.google&hl=en&gl=us
Sniper Champions: 3D shooting,com.gameloft.anmp.sniper.champions,"Put your aim to the test in this online shooting range game.


Master your shooting skills and outgun your opponent by quickly hitting targets. Will you claim the title of Sniper Champion?


<h2>Skillful Sniper Action</h2>

Take aim on a variety of shooting ranges full of unique 3D targets and challenges. If you like gun games, you'll enjoy competing 1-on-1 against other online players.
You are in control and nothing matters except your gun and your skills. Hone both of them to rack up points like a pro in 3D sniper shoot-outs.

When you take that perfect shot, nothing beats watching your bullet hit the bullseye in slow motion.

<h2>You Are the Elite Sniper</h2>

You will clash with real players in head-to-head snipe-offs, with nothing but your trusty weapon. You are a deadly hunter whose prey is dumbfounded like a deer in the headlights.
If your aim is true and you master your weapon, you'll rank up in the leagues to show everyone that you're the best sharpshooter; have fun hunting that top leaderboard spot!
For even more intense competition, join the global tournaments to prove you're the top marksman.


<h2>Dozens of Guns and Targets</h2>

Do you love guns? Then this is the game for you! Collect and upgrade weapons for a variety of ways to hit that perfect shot.
Customize your bullet and your target to show your opponent that you can outgun them in style.
Everything on your rifle is customizable; if you want a better scope, you've got it! If you want more firepower, you've got it! Or maybe more bullets. Those always do the trick.


Pick up your sniper rifle and give this game a shot! It might not fulfill all your hunter fantasies (sorry, no ducks!) but it'll surely soothe that itchy trigger finger.
_____________________________________________

Visit our official site at http://gmlft.co/website_EN
Check out the new blog at http://gmlft.co/central

Don't forget to follow us on social media:
Facebook: http://gmlft.co/SNS_FB_EN
Twitter: http://gmlft.co/SNS_TW_EN
Instagram: http://gmlft.co/GL_SNS_IG
YouTube: http://gmlft.co/GL_SNS_YT

This app allows you to purchase virtual items within the app and may contain third-party advertisements that may redirect you to a third-party site.

This game includes optional in-game purchases (includes random items).	

Terms of Use: http://www.gameloft.com/en/conditions-of-use
Privacy Policy: http://www.gameloft.com/en/privacy-notice
End-User License Agreement: http://www.gameloft.com/en/eula
Cookie Policy: https://www.gameloft.com/en/legal/game-cookie-policy",https://play-lh.googleusercontent.com/if-Oy0TodX3lRMIDcrkQDS9BTvfPCTil_bA1n7DbNVXKuKkGOsRz-aC3s6LkIibgvghR,Sports,4.5673194,"10,000,000+",https://play.google.com/store/apps/details?id=com.gameloft.anmp.sniper.champions&hl=en&gl=us
Brawl Stars,com.supercell.brawlstars,"Fast-paced 3v3 multiplayer and battle royale made for mobile! Play with friends or solo across a variety of game modes in under three minutes.

Unlock and upgrade dozens of Brawlers with powerful Super abilities, Star Powers and Gadgets! Collect unique skins to stand out and show off. Battle in a variety of mysterious locations within the Brawliverse!

BATTLE IN MULTIPLE GAME MODES
- Gem Grab (3v3): Team up and out-strategize the opposing team. Collect and hold 10 gems to win, but get fragged and lose your gems.
- Showdown (Solo/Duo): A battle royale style fight for survival. Collect power ups for your Brawler. Grab a friend or play solo - be the last Brawler standing in the rowdiest battle royale yet. Winner take all!
- Brawl Ball (3v3): It's a whole new Brawl game! Show off your soccer/football skills and score two goals before the other team. There are no red cards here.
- Bounty (3v3): Take out opponents to earn stars, but don‚Äôt let them pick you off. The squad with the most stars wins the match!
- Heist (3v3): Protect your team‚Äôs safe and try to crack open your opponents‚Äô. Navigate the map to sneak, blast and blow your way clear to the enemies treasure.
- Special Events: Limited time special PvE and PvP game modes.
- Championship Challenge: Join Brawl Stars' esports scene with in-game qualifiers!

UNLOCK AND UPGRADE BRAWLERS
Collect and upgrade a variety of Brawlers with powerful Super abilities, Star Powers and Gadgets! Level them up and collect unique skins.

BRAWL PASS
Complete quests, open Brawl Boxes, earn Gems, pins and an exclusive Brawl Pass skin! Fresh content every season.

BECOME THE STAR PLAYER
Climb the local and regional leaderboards to prove you‚Äôre the greatest Brawler of them all!

CONSTANTLY EVOLVING
Look out for new Brawlers, skins, maps, special events and games modes in the future.

PLEASE NOTE! Brawl Stars is free to download and play, however, some game items can also be purchased for real money. If you don't want to use this feature, please disable in-app purchases in your device's settings. Also, under our Terms of Service and Privacy Policy, you must be at least 9 years of age to play or download Brawl Stars.

Features:
- Team up for real-time 3v3 battles against players from across the world
- A fast-paced multiplayer battle royale mode made for mobile
- Unlock and collect new, powerful Brawlers - each with a signature attack and Super ability
- New events and game modes daily
- Battle solo or with friends
- Climb to the top of the leaderboards in global and local rankings 
- Join or start your own Club with fellow players to share tips and battle together
- Customize Brawlers with unlockable skins
- Player-designed maps offer challenging new terrain to master

From the makers of Clash of Clans, Clash Royale and Boom Beach!

Support:
Contact us in-game via Settings > Help and Support ‚Äî or visit http://help.supercellsupport.com/brawl-stars/en/index.html

Privacy Policy: 
http://supercell.com/en/privacy-policy/

Terms of Service:
http://supercell.com/en/terms-of-service/

Parent‚Äôs Guide:
http://supercell.com/en/parents/

???:
https://www.youtube.com/wkbrl",https://play-lh.googleusercontent.com/EiElcSrd6-o-19roiswSx0AZPzsq6qF3hUGHsSWDl5UVtj7G23DHkneM8ucwqyOmEg,Action,4.27691,"100,000,000+",https://play.google.com/store/apps/details?id=com.supercell.brawlstars&hl=en&gl=us
Sniper Fury: Shooting Game,com.gameloft.android.ANMP.GloftFWHM,"If you're looking for some online sniper action, look no further! Our gun gang is always looking for a new hitman. No running, just shooting!

In Sniper Fury, you're deployed on 3D FPS battlefields in order to prove that you're the real sniper shooter. Taking part in this military gun game will have you killing targets and delivering justice from the barrel of a rifle.

‚ñ∂<h2><b>Global FPS gun games</b></h2>
Over a thousand missions and dozens of events that take you around the world, from the busy streets of Washington to the towering skyscrapers of Shanghai, each recreated in full 3D glory.

‚ñ∂<h2><b>Weapon collection</b></h2>
Equip 3D sniper rifles, single shot repeaters, automatic assault weapons and more to hit your targets. There are hundreds of guns for you to collect and upgrade, so bring the best one to your next shoot-out!

‚ñ∂<h2><b>Lots of online game modes</b></h2>
If you're a lone wolf, aim for the game's story mode; if you like to compete, join a clan and aim for the online PvP. If you're into online multiplayer sniping action, we have an Arena where 10 gunners snipe each other until the last one is left standing.
Did I mention the squad ops? Recruit hundreds of shooters and send them out on covert ops while you're away!

‚ñ∂<h2><b>Clan action</b></h2>
Bring your gang together in a sniper clan or strike your targets lone-wolf style like a long-range hitman!

Aim & Shoot: It's as simple as that.

What are you waiting for? Let's see whether you're an FPS rookie or a sniper legend!

 ____________________________________
This app allows you to purchase virtual items within the app and may contain third-party advertisements that may redirect you to a third-party site.

Please note that this game contains in-app purchases, including paid random items.
 ____________________________________
Join the Discord!
gmlft.co/Join-Sniper-Fury-Discord

Follow us on social media:

gmlft.co/Sniper_Facebook

gmlft.co/Sniper_Insta

gmlft.co/SniperFury_YouTube

www.sniperfury.com/


Visit Gameloft at

gmlft.co/website_EN


Terms of Use: gameloft.com/en/conditions-of-use

Privacy Policy: gameloft.com/en/privacy-notice

End-User License Agreement: http://www.gameloft.com/en/eula",https://play-lh.googleusercontent.com/ndl-d8j2v1gEbZL0JgwMPiakGHqgw0Qe092oyfAr1q6nsIGvzPGG_oKC7n9JyyWSsA,Action,4.2790275,"100,000,000+",https://play.google.com/store/apps/details?id=com.gameloft.android.ANMP.GloftFWHM&hl=en&gl=us
KUBOOM 3D: FPS Shooting Games,com.Nobodyshot.kuboom,"Like PVP FPS games? Want to play a real action shooter game? Ready to take on the challenge?
 
Then join KUBOOM ‚Äî a multiplayer first-person shooter with various shooting modes. In this shooter game, you will find everything you need: unique locations, weapon customization, several game modes to suit your playing style, a marketplace to trade with other players and much more. Compete with millions of players from all over the world, promote your fighter to the world top, join the strongest clan or create your own.
 
Choose a character and customize it. Get a firearm and show the enemies, who‚Äôs the boss of the battlefield. In this multiplayer game, you can find almost any weapon: pistol, shotgun, machine gun, or a sniper rifle. Choosing the weapon, pay attention to its stats: each piece varies by damage and accuracy. Get the weapon that suits you best. All weapons in the game can be customized and upgraded: change the barrel to improve the shooting ability, add a trinket or set a scope to shoot like a true sniper. You can also choose among the common, rare, legendary and exotic weapon skins one that will reflect your personality. If it comes to a close combat, use a knife. The game has any kind of blades: from a butterfly knife to a machete. And for those who want to surprise their enemy in a short fight, there is an axe or even a shovel.
 
Make sure your warrior has all the necessary equipment and get ready for the battle. Grab a couple of grenades. There are frag grenades, smoke grenades, blinding grenades, or Molotov cocktails to pick from. Don‚Äôt forget the first aid kit and ammo for your firearm. A protective shield and wires can also come in handy in combat. Combine all selected items in sets. You can create 3 different sets and change them during the fight, choosing the most suitable one for the situation. Sell unnecessary items to other players in the market and buy the ones you need. (Or if you are not sure the item will come in handy, you can rent it for a fight or two to get a proper test).
 
Play online with users from all over the world or create private battles that only your friends will be able to join. Choose from 6 combat modes:
 
Gun Mode
 
Team Deathmatch
 
Zombie survival
 
Battle royale
 
BunnyHop
 
Duel
 
Communicate with other players online through voice or text chats. Do not miss the opportunity to get a new gun: for example, weapons can be looted from a killed player during the battle. At the end of the battle, don‚Äôt forget to open the prize cards to get keys, bucks, consumables, and secret skins. Keys are used to obtain supplies, clothes, and skins, or improve your equipment. Bucks can be spent on new weapons. Complete daily tasks and get new items for your fighter. Raise your warrior‚Äôs rank and climb to the top of the leaderboard to bring fame to your clan. Put your name in the hall of fame among the strongest players in the world. Between the fights in this shooter you can check the statistics of all the battles you or your friends took part in. Find out the total number of battles, the number of victories, and even how many fighters were killed in the entire game.
 
Customize the controls to fully immerse yourself in the atmosphere of a shooting game - everyone knows that a convenient controls layout makes half of the victory. Disable or enable auto-shooting and choose a place on the screen for aiming buttons. You can also adjust the volume of music, sounds, voice chat and microphone. This shooter even has the ability to configure the control specifically for left-handed people.
 
Take part in a tactical combat and plunge into the atmosphere of dynamic battles and clan wars.
 
Please note: the game requires a permanent Internet connection.",https://play-lh.googleusercontent.com/UpRMlaT5_9V9370_W5kFuT5hJP6jVbkXgRK_wk-0tUePIJodGgCNSVH7xvhnHdf9rg,Action,4.39197,"10,000,000+",https://play.google.com/store/apps/details?id=com.Nobodyshot.kuboom&hl=en&gl=us
Dead Target: Zombie Games 3D,com.vng.g6.a.zombie,"‚òÖ Join over 125 million zombie shooters to survive the zombie apocalypse in this offline FPS shooting game! ‚òÖ

üßü‚Äç‚ôÇÔ∏è Dead Target - Zombie Games 3D is an addictive offline shooting game with fps themes! An easy system that brings you a perfect zombie shooting killer adventure, remember it is an offline game.

Keep your defense up, your finger on the trigger, shoot zombie in offline DEAD TARGET.

In 2040, the zombie apocalypse began. A sniper team was hired to head to the warfare, shooting zombie & save the city! These could be your last days on Earth, your last hope is to join them in shooting zombie.

Fight for survival in a zombie apocalypse with shooting games. If you don‚Äôt want to be a dead resident, don‚Äôt deny your duty, try to aim zombie in these gun shooting games!

This offline fps games is one of the shooting games where you can:

- Shooting zombie with legendary 3D fps weapons
- Upgrade guns and snipers to face up to non-stop zombie attacks
- Experience 3D offline shooting as a fps engine
- Into the dead, slay zombies of all evil types

---

üßü‚Äç‚ôÇÔ∏è ZOMBIE APOCALYPSE ‚Äì CAN YOU SURVIVE? 
Non-stop attacks in this shooting zombie game are coming to the frontier. Attack zombie before the invasion come to you since the evil dead can go anytime in these offline zombie shooting games. Days gone after the survival duty.

üßü‚Äç‚ôÇÔ∏è JOIN BATTLE PASS TO COLLECT SPECIAL GUNS & MORE!
Battle Pass - An opportunity in this offline zombie game to collect survival items that can't be collected in normal mode. A series of killing guns appear only once for survivors. Join the duty now to attack the evil dead and win the battle in the ultimate killing game!

üßü‚Äç‚ôÇÔ∏è INSANE FPS GAME
In this 3d offline shooting fps game, zombies are designed with various deadly killing abilities. They‚Äôre not stupid. Shooters can also find loads of zombie types in this offline shooting game!

The evil dead are harming the residents, let‚Äôs hunt them down & become the ultimate zombie hunter!

üßü‚Äç‚ôÇÔ∏è UNIQUE GUNS
Ready to attack any evil with the huge range of arsenal. 50 deadly shooting guns & more to come for a thrilling experience in sniper games. You can upgrade and customize guns with skins to be an excellent killer in shooting games offline.

üßü‚Äç‚ôÇÔ∏è APPEALING OFFLINE FPS GAMES‚Äô AWARD SYSTEM
In response to the call of mission, survivors complete quests to rank up & unlock cooler shooting gun weapons. Kill more zombies, and finish your duty to have a chance to become legendary in sniper offline games. Weird achievements are always the well-paid in zombie survival games!

üßü‚Äç‚ôÇÔ∏è SIMPLE & ADDICTIVE GAMEPLAY
Offline modern control that brings you fun & addictive combat. Cover all the exits, your duty is to shoot zombies and save yourself! It‚Äôs shooting time on the battlefield. Call your sharper sniper & shooter on the frontline. Walk yourself into the resident evil, be quick on the trigger, and survive in this zombie sniper 3d game!

üßü‚Äç‚ôÇÔ∏è ADDICTIVE OFFLINE ZOMBIE 3D GAMES
DEAD TARGET is one of the offline games, which means you can shoot zombies anytime! We recommend wifi to download this offline zombies shooting game, but you don't need wifi to play.

üßü‚Äç‚ôÇÔ∏è REALISTIC SNIPER GAMES OFFLINE GRAPHIC
In shooting games, players can enjoy 3D graphics of the zombie infection in games without wifi. You can also experience epic zombies shooting guns in these offline games.

üßü‚Äç‚ôÇÔ∏è COMPETIVE LEADERBOARD
Raise the gun and pull the trigger, state your values by recording your killing score to know who the sharper killer in this offline zombies gun game is. Shoot the most zombies and become legendary in offline game!

Download & fight against the zombie apocalypse in DEAD TARGET now! This killing game is a fun and thrilling gun game that you should try!

From the developer of famous offline cool zombie shooting 3D and sniper games like Zombie Hunter, Sniper Zombie 3D, Zombie Fire 3D...",https://play-lh.googleusercontent.com/QlXfBLNaxvNPFeSInqcP4CCvkiOwMqAHleVUCV-dXoaCMDeEYLFshzBxvX-weGNAFUc,Action,4.56479,"100,000,000+",https://play.google.com/store/apps/details?id=com.vng.g6.a.zombie&hl=en&gl=us
